{
  "data_path": "data\\data.parquet",
  "output_dir": "outputs\\alpha101_selected10_data_parquet_20260417_114240",
  "result_path": "outputs\\alpha101_selected10_data_parquet_20260417_114240\\alpha101_selected10_factors.parquet",
  "preview_path": "outputs\\alpha101_selected10_data_parquet_20260417_114240\\preview_100.csv",
  "rows": 29048679,
  "selected_factor_count": 10,
  "selected_factors": [
    "alpha_2",
    "alpha_3",
    "alpha_4",
    "alpha_6",
    "alpha_9",
    "alpha_10",
    "alpha_12",
    "alpha_13",
    "alpha_16",
    "alpha_23"
  ],
  "columns": [
    "time",
    "ths_code",
    "alpha_2",
    "alpha_3",
    "alpha_4",
    "alpha_6",
    "alpha_9",
    "alpha_10",
    "alpha_12",
    "alpha_13",
    "alpha_16",
    "alpha_23"
  ],
  "time_col": "time",
  "code_col": "ths_code",
  "selection_rule": "current accepted operators, no missing vwap/adv20 assumptions, no new route/lifecycle/M4 expansion, no native-heavy Ts_ArgMax in this batch",
  "null_counts": {
    "alpha_2": 16485,
    "alpha_3": 5495,
    "alpha_4": 0,
    "alpha_6": 5495,
    "alpha_9": 5495,
    "alpha_10": 5495,
    "alpha_12": 5495,
    "alpha_13": 5495,
    "alpha_16": 5495,
    "alpha_23": 10990
  },
  "timing_sec": {
    "load": 1.281383,
    "rank_volume": 1.606954,
    "rank_open": 1.1557,
    "rank_low": 1.079322,
    "rank_close": 0.951709,
    "rank_high": 1.091861,
    "a2_log_volume": 0.50037,
    "a2_delta_log_volume_2": 8.411378,
    "a2_left_rank": 1.493537,
    "a2_intraday_return": 0.154303,
    "a2_right_rank": 1.239928,
    "alpha_2": 12.019375,
    "alpha_3": 15.864925,
    "alpha_4": 12.45327,
    "alpha_6": 14.550558,
    "delta_close_1": 16.200045,
    "delta_volume_1": 13.753554,
    "a9_min_delta_5": 16.340588,
    "a9_max_delta_5": 14.583576,
    "alpha_9": 0.685001,
    "a10_min_delta_4": 16.2566,
    "a10_max_delta_4": 17.143285,
    "a10_raw": 0.441399,
    "alpha_10": 1.734313,
    "alpha_12": 0.358722,
    "a13_cov": 13.630175,
    "alpha_13": 1.723744,
    "a16_cov": 13.053065,
    "alpha_16": 1.531206,
    "a23_sum_high_20": 10.25364,
    "a23_delta_high_2": 15.791284,
    "alpha_23": 0.551078,
    "write": 6.220172,
    "total": 234.35402
  }
}